POLICY_NUMBER,BRAND_CAR,CAR_MODEL,YEAR_OF_MAKE,ENGINE_NUMBER
8138657065,Ford,Fairlane,1966,1FAHP2D82EG765354
2732312169,Chevrolet,Express 3500,1999,JN1BJ0HR8EM669984
120172895,Chevrolet,Corvette,1960,2G4GX5GV0B9728382
5007158798,Saab,3-Sep,2001,YV1672MC2CJ110143
2912152240,Lamborghini,Diablo,1994,WBAVM1C52FV573126
2597723356,Oldsmobile,Alero,2000,JN1CV6FE1CM915170
8543929881,Cadillac,Seville,1998,JTDKDTB3XD1294285
1249090148,Volvo,V40,2002,5NPDH4AE5CH903098
8382371507,Saab,9-7X,2005,19UUA8F26EA159484
4883495345,Dodge,Ramcharger,1993,19UUA56883A332728
1858480590,Saab,3-Sep,2007,1G4GH5G38DF633901
3264445565,GMC,Yukon,2006,1VWAS7A3XFC782103
6715489920,Dodge,Dakota Club,2005,KMHHT6KD8CU072604
6260280904,Land Rover,Discovery,2001,WAUVFAFH5BN137512
4246689319,BMW,750,2006,1FTWX3B5XAE725896
1396033874,Toyota,Sienna,2002,3VW1K7AJ4DM475083
2868370063,Nissan,Maxima,2005,JTHFF2C21F2531673
263916723,Subaru,Tribeca,2011,WBALW3C56DC526235
2841743233,Hyundai,Accent,2008,3C6JD7EP8CG598899
4770789017,Audi,A6,2009,2G4GT5GRXD9458899
3743042037,Mazda,MX-5,2012,WAUBF78E66A026750
2119897387,BMW,M5,2002,5FNYF3H42EB007762
5848196133,Isuzu,Amigo,1993,TRUTC28N361767866
3502824428,GMC,Sierra 3500,2012,WBADW7C59DE957670
8878337080,Volvo,XC70,2010,4T1BD1EB4EU659255
2167028709,Ford,Taurus,1996,5UXFA53513L940899
1495591506,Saab,9-7X,2009,WP0CA2A80BU111007
1803410590,Mazda,B-Series,2001,5FPYK1F29DB296971
8539673479,Kia,Sedona,2010,2C3CDYCJ7CH274160
9885851089,Oldsmobile,Ciera,1994,KL4CJESB1EB819563
3481869843,Porsche,Cayman,2011,2G4GV5EV0B9554712
4390615416,Buick,Estate,1989,WAUHFAFLXDA254093
4025348624,GMC,Yukon XL 2500,2004,JN1CV6FEXBM787185
4301136789,Pontiac,Grand Am,1985,TRUB3AFK7C1762311
6049713030,Chevrolet,Monte Carlo,1998,SCBLC37F86C056097
3158760533,Lexus,GS,1994,WA1CMBFP7FA785647
4307900332,Ford,Explorer Sport Trac,2004,SCFEDCAD0CG524985
7169189186,Dodge,Ram 2500,1996,1J4NF1FB4BD186165
7594194349,Chrysler,Crossfire,2008,WAUML64B12N838709
6189053238,Volkswagen,Jetta,1984,1FMCU0F72DU745491
5875541695,Dodge,Neon,2002,WBAPH5C55BA888993
832191493,Mitsubishi,Truck,1994,WBADT33422G128787
7770266106,Honda,Pilot,2009,2C3CDXBG8EH841169
8052931398,Ford,Fiesta,2012,2C3CA7CW8AH108662
2270731611,Mercedes-Benz,SL-Class,2003,WAUDGBFL8DA458697
2718563893,Acura,NSX,2004,2G4WC532251804934
7149078958,Audi,S4,2002,WAUGU54D51N638324
1069991376,Mazda,RX-8,2009,SCBLC37F96C545334
6721069873,Chevrolet,Corvette,2001,SCBDU3ZA2CC963314
9247872693,Mercury,Villager,2002,4USDU53467L068677
6057348265,Bentley,Continental,2008,JN8AF5MVXFT074317
8987404048,Mitsubishi,Outlander,2006,2G4GR5ER2D9395976
27741753,Chevrolet,Camaro,2000,WBSDX9C58CE194558
9501421554,Mercedes-Benz,E-Class,1984,JH4KB16668C460437
9132993714,Infiniti,J,1995,3C4PDDEG6ET466655
9309694076,Dodge,Caliber,2011,SCFEBBAK3DG282175
4184736564,Bentley,Mulsanne,2011,WAULD64B33N048385
910226075,Lexus,GS,2007,SALME1D40CA052127
5387487365,Acura,MDX,2011,JTHBL1EF2B5403002
8393279623,Scion,xA,2005,WP1AA2A29BL995632
8628622497,Mercedes-Benz,C-Class,1997,1FTEX1C83AF178375
2367738475,Toyota,T100 Xtra,1998,5BZBF0AA1FN759279
5583772468,Volvo,S70,1998,WA1CGBFE6BD244636
4108559150,Isuzu,Trooper,1992,1C3BCBFG4CN787188
3391394773,Dodge,Neon,2004,KL4CJESB0EB490032
9992177489,Dodge,Ram 3500,1994,4T1BF3EK1AU450877
3061582924,Toyota,T100 Xtra,1998,WAUKH94F78N148825
8474539919,Mercedes-Benz,S-Class,1989,4A31K2DF6AE594863
5223481380,Mercedes-Benz,M-Class,2012,WAUDF98EX7A551865
4614534643,Chevrolet,Camaro,1977,WAUEH78E38A649818
885676327,Acura,RL,1997,1FBNE3BL6ED187505
4283494585,Audi,A8,2009,1C6RD6LPXCS474139
6699153056,Ford,Crown Victoria,1996,WAUGU44D83N306083
2230070436,Mercedes-Benz,E-Class,2006,JH4KB16638C956778
3723992188,Mitsubishi,Lancer,2010,WBAPH5C56BF396749
7677634303,Dodge,Avenger,2012,SCFAD01A45G729084
1193737907,Land Rover,Range Rover,1990,5UXZV4C50BL820196
6442167348,Toyota,Celica,2004,1FMCU4K3XCK565647
2370775610,Kia,Sorento,2005,WAUGFAFR2AA842615
8967589778,Subaru,Impreza,2006,WAUCFAFH2BN905132
6755754919,Suzuki,Reno,2006,WBAYB6C54FD234065
4074405423,Ford,Escape,2000,WBABN53413J733353
9622059414,Lincoln,Town Car,2007,1G4GB5EG1AF299780
4406065067,Mercury,Mountaineer,2006,WAUVC58E55A364648
3354354097,Ford,Freestyle,2006,JN1AZ4EH6CM069596
4962609394,Dodge,Ram 2500,2001,TRUWC28N711307129
2542367914,Mercury,Mountaineer,1998,1G4CW54K654234210
7648786737,Mazda,Protege,1997,WBABN334X3J777100
2851305018,Mercury,Monterey,2007,2FMDK3AK3BB787825
3460915978,Volkswagen,Passat,2005,3D7JB1ET7BG341293
9468567397,Mitsubishi,Eclipse,1995,19UUA66207A723668
1064268390,Hyundai,Veracruz,2010,TRUTC28N631405087
6311825848,Mercedes-Benz,300E,1993,WBALM735X9E661131
7241229231,Oldsmobile,Regency,1998,1G4HD57258U317915
7134372243,Isuzu,i-290,2007,1ZVBP8AM9E5361285
2209634105,Honda,Element,2010,WAUML64BX2N133150
6897091812,Volkswagen,Eurovan,1999,1N4AA5AP3AC390544
4576793241,Austin,Mini,1963,YV126MECXF1654857
7805764794,Jeep,Wrangler,2000,3C6TD4HT5CG563804
1312136618,Mitsubishi,Expo,1994,1FTMF1EW3AK106755
1046716387,Suzuki,Swift,1999,2T2BK1BA1DC532007
6960268265,Volkswagen,Rabbit,2006,WAULC68E32A309916
8696204093,Audi,Quattro,1994,WAUJC68E92A531741
4686275334,Land Rover,Range Rover,2011,5J8TB4H59DL562046
1429471344,Pontiac,Safari,1986,WVGAV3AX2DW010563
4048937901,Dodge,Caravan,2009,3VW4A7AT5CM335527
4032486034,Mitsubishi,Diamante,1992,1G6AL5S33D0956680
4501742194,Bentley,Azure,2010,WBANF33507B720049
4299191382,Mitsubishi,Outlander,2006,4T1BF1FK2DU857792
812389050,Mercury,Cougar,1999,1G6KD57Y98U272771
7523703860,Citroën,SM,1972,JN1AV7AR9FM166694
3347320018,Plymouth,Colt,1994,SCFFDCBD9AG260472
9611822464,Audi,Quattro,1985,3D7JV1EP5BG337477
1800423322,Lexus,RX,2009,3C3CFFERXET859116
7303595325,Ford,E-Series,1994,WAUEH48H08K712537
8380769139,Mazda,929,1987,WAUAH74F06N672279
33004838,Nissan,Altima,2002,1C4RDJAG9EC371418
3254807251,Kia,Sorento,2007,2C3CCABG2CH597953
936142057,GMC,Sonoma,1998,2B3CK5CT6AH085564
3321631504,Chevrolet,Tahoe,1999,WA1WYAFE3AD682193
1670680002,Mazda,Mazdaspeed 3,2011,1G6DS8E35C0383082
5941205090,GMC,Safari,2004,WA1BV74L08D653868
8108721903,Dodge,Caravan,1994,5GNRNHEE5A8186195
4026779939,Pontiac,Firebird,1995,YV140MEA7F1959273
3871428221,Acura,RSX,2006,JTDKN3DP8D3483051
2372726978,Ford,E350,2012,WVWED7AJ5CW385986
6156606157,Acura,RL,2011,1FMJK1K56AE235142
9419573834,Toyota,Previa,1993,W04G15GV2B1770797
3631586582,Mazda,Mazda3,2007,WAUJT64B63N106080
987466011,Dodge,Ram 1500,2001,3VWF17AT0FM635909
5315120945,Mazda,Mazda6,2005,WBA6A0C55ED085591
3516711698,Cadillac,Seville,2001,WAUNF78PX6A001509
7776207659,Volkswagen,R32,2004,5TDBK3EH5DS865181
3171989034,Dodge,Neon,1997,JN8AF5MR6CT084969
5807759087,Dodge,Ram 1500,2004,JHMZF1C61ES405466
9237658885,Chevrolet,Silverado 2500,2008,JH4DC54853C053509
1844966224,Lincoln,Town Car,1994,KNADM4A32C6444422
4842141867,Ford,Bronco,1984,WBAYE8C56ED432888
9639986127,Ford,E-Series,2003,1GYUKAEF1AR907720
8062452751,Ford,E150,2008,JTDKDTB39F1975993
9499910042,Aston Martin,V8 Vantage S,2011,WBAVM1C51EV132439
9794792160,Dodge,Charger,1999,WAUAF78E37A641222
2642627705,Mercedes-Benz,600SL,1993,1G6DK5E3XD0427285
7682982314,Porsche,Boxster,2009,1D7RV1CPXBS095252
952312794,Dodge,Ram Van 1500,2002,WAUVC58E34A352223
5807538439,Isuzu,Rodeo Sport,2003,JTHFE2C25F2818095
2226560211,GMC,3500,1994,WAUA2AFD3EN760087
1108017509,Chrysler,LeBaron,1995,JN1BY1AP0DM865300
6912475671,Chevrolet,Express 1500,2003,1FTEX1EW6AF821247
6257611903,Mercedes-Benz,CLK-Class,2001,WBA3A9G53FN478308
1191861929,Audi,riolet,1995,WAULC58E54A174399
3292271053,Toyota,Tacoma,2012,WBANW1C50AC653913
566490455,Subaru,Tribeca,2006,WBANV93578C037525
9559862715,Mercedes-Benz,300SE,1992,4T1BF1FK4CU767638
6446767927,Ford,Thunderbird,1991,19UUB3F75FA409178
3564773037,Mitsubishi,Lancer Evolution,2008,1GYS4RKJXFR162787
7953357151,Ford,Contour,1998,4JGBB2FB9BA061122
7232144628,Mazda,Mazda6 Sport,2006,1D7RW3GK3AS163025
7698704505,Ford,Excursion,2003,NM0KS9AN7AT585531
5362706101,Chrysler,Concorde,1993,WDDGF4HB8CA557415
3205630742,Ford,Ranger,2000,WA1LYAFEXAD199254
3887965515,Mazda,B-Series,1999,1B3CC1FB0AN540800
4089830346,Chevrolet,G-Series G30,1993,WBAEV53415K465463
4305920611,Lincoln,Continental Mark VII,1988,1GYS3HEF5ER307365
8663992696,Lotus,Esprit,1993,1G6DC67A090443520
6557791346,Toyota,Tercel,1995,WAUDH48H98K895335
2018237845,Chevrolet,Silverado 3500HD,2006,WAUBF78E26A839082
6337919637,Volkswagen,Touareg 2,2009,WAUSFAFL2AA700786
373232608,BMW,M3,2008,WAUKG78EX5A005346
7909797982,Ford,Fusion,2011,WBA3A9C53FF758178
610606530,Eagle,Talon,1993,WAUEFAFLXAN307284
8748313815,Volkswagen,Passat,2006,WUATNAFG6CN108240
4999316676,Chevrolet,Suburban 2500,1999,2C3CDXHG8FH515588
2634705522,Mazda,Tribute,2004,ZHWGU6AU8CL578011
8964594150,Infiniti,FX,2004,19UUA66295A494100
7944953642,Kia,Sorento,2004,SCFBF04B48G144481
8019777849,Toyota,Land Cruiser,1994,3C6TD5CT8CG715569
6913315155,Ford,Bronco,1993,WAUEH78E98A521664
1168790867,Volkswagen,Touareg,2005,WBAVA335X7F908018
1686966105,Ford,Escort,1988,SALAB2V62EA024253
8398298200,Lexus,SC,2000,1G6AC5SX9F0022108
2157749403,Lincoln,Town Car,1997,5N1AA0NE3FN750232
187084084,Volkswagen,Cabriolet,1999,WDDGF4HB2ER495322
2092346806,Chevrolet,Astro,1992,1FAHP3EN9BW497138
3052753703,Chrysler,Town & Country,2001,1YVHZ8BH5A5966921
658044559,Mercedes-Benz,C-Class,2003,WA1LMAFE9DD708248
5153881067,Ford,Fiesta,2013,2C4RDGBG0ER562539
8295468189,Ford,Bronco II,1988,1FTSW3A5XAE289960
3753296678,Dodge,Daytona,1993,1G4CU541654575202
2935545370,Nissan,Rogue,2008,WDDLJ9BB8FA880192
1743768141,Isuzu,Ascender,2008,WAUFL44D63N368306
4996985542,Pontiac,Grand Prix,2003,WBAYG0C58DD289422
7371820649,Mercury,Grand Marquis,1993,WVWED7AJ2CW516999
1387352997,Acura,RDX,2007,2FMGK5C81FB967336
4396589476,GMC,Yukon XL 1500,2010,2C3CA2CV6AH686365
8345836119,Lexus,GS,2004,WBAKX6C5XCC820875
540277851,Ford,E150,2010,WBAYE0C52ED180073
6761464005,Chevrolet,Express 2500,2003,WAUJGAFC0DN473815
688289886,Land Rover,Discovery,2010,1C4RDJAG8CC961574
1898747350,Volvo,S80,2011,1C6RD6KP7CS605657
8497685849,Mazda,B-Series,1989,WAUDF48H58K196967
4229590555,Hummer,H3T,2009,WAURD68D32A553113
6933852644,Saturn,Sky,2007,1FMNE1BW2AD387930
5019042846,Hummer,H2,2004,1G6DG8E32E0014913
5239363803,Subaru,Leone,1987,1G6DP8E39D0582753
553981374,Volkswagen,Jetta III,1994,2C3CCARG6FH682479
4341135570,Lexus,LX,1998,3VW4T7ATXEM240717
5542846149,Peugeot,207,2006,1GTC5MF96B8252786
4981646631,Mercury,Grand Marquis,1996,3TMJU4GN3EM224398
3917956004,Chevrolet,Avalanche,2008,4USBT33555L669969
5577667488,Saab,3-Sep,2001,SCFAB22323K268026
8468282782,Ford,Ranger,1993,5YMGY0C55CL922238
5041504512,Pontiac,Vibe,2004,3D73M3CL4BG884070
1546706356,Ford,Country,1967,WBAKE3C54DE695141
6485866337,Toyota,Avalon,2000,1G4HK5E96AU215440
1219102776,Maserati,Karif,1990,WAUHF78P88A667946
7981004446,Chevrolet,S10 Blazer,1993,5UXFB535X6L327603
7794301289,Lamborghini,Murciélago,2006,3N1BC1CPXCK758250
6286000720,Chevrolet,Vega,1971,1G6AM5S39D0080985
43864872,Subaru,Loyale,1993,WDDHF0EB9FB686392
2172546593,Infiniti,QX,2004,2T1BURHE4FC284717
8802419647,Mitsubishi,Mirage,1985,4T1BD1EB2FU229791
6901927495,Infiniti,J,1993,WAUDH94F28N999911
9514632079,Chevrolet,Corvette,1975,1VWAH7A33CC373015
7468836914,GMC,Yukon Denali,2000,WAUML44D82N219546
5646184878,Ford,Ranger,1989,1G6KD54Y12U645832
7824096440,Subaru,Impreza,2008,SCBBR9ZA6BC984726
7003424096,Pontiac,Bonneville,1989,YV4902DZ3E2971496
2230002430,Nissan,Frontier,2008,1G6DV1EP5F0315306
5752767822,Acura,RL,2009,WAUVT68E13A679756
464579686,Mitsubishi,Pajero,1998,YV126MEB1F1741781
6274512845,Lotus,Elan,1991,JH4CU4F47CC013476
2291382942,Dodge,Neon,2000,2C3CDXCT4EH813235
1753087139,Volkswagen,GTI,1991,1C6RD6NT3CS296584
4757777078,Oldsmobile,Toronado,1992,SAJWA1CB8BL504860
7667312389,Toyota,Camry,1994,1G4GF5G33EF303932
7983974027,Jeep,Cherokee,2001,1C4NJPBA6CD990604
5919288353,Audi,A6,2001,1C4NJCBA0ED613679
241629179,Volkswagen,Jetta,1990,5UXWX5C52BL753992
4917215536,Ford,Ranger,2008,1FTEX1CM0BF906698
7520877973,Isuzu,Oasis,1996,2C4RDGEG6FR211471
4051552101,Cadillac,SRX,2010,2G4WB55K211425782
1909771082,Ferrari,F430 Spider,2006,1FTNF2A50AE297346
322695686,Volvo,V70,1999,JN1AV7AP4FM052908
4216773818,Mitsubishi,Eclipse,2000,WA1VMBFE6AD353551
5895746675,Acura,RL,1997,5UXKR6C55F0232321
4052410815,GMC,Safari,2000,1G6AJ5SX5E0868627
1652531637,GMC,1500 Club Coupe,1994,1GKS1AE01ER208061
5491799688,Aston Martin,Vanquish S,2005,WVWAP7AN5DE655797
4783210691,GMC,1500,1996,2T2BK1BA6EC277677
3687093123,GMC,Yukon,2009,1FM5K7B89DG936023
5470329704,Mercury,Grand Marquis,2005,3N1AB6AP7CL298585
1717676812,Aston Martin,Vanquish S,2005,JN8AF5MR7ET596890
1957652365,Audi,A6,1996,1FTMF1CW0AK673203
6043901196,Volkswagen,Jetta,1992,1VWAP7A37EC088274
9312523279,Scion,tC,2012,WAU3GAFR1EA534529
5484425190,Acura,Integra,1994,SCFAB05D49G721650
9421803337,GMC,Sierra 3500,2006,4T3BA3BB5CU279547
1016081014,Dodge,Durango,2011,WBAPK5C56BF092404
6746904601,Audi,5000S,1984,2FMPK3J99FB669097
4090520967,Lincoln,Continental,2000,WAUEF48H67K108995
8374012889,Mitsubishi,Galant,2000,2B3CJ5DT5AH944869
5047543803,Hyundai,Entourage,2009,JH4KA96674C212337
8263941040,Acura,RL,2007,JN1AZ4EH8FM988360
5759114395,Chevrolet,Silverado 2500,2001,JN8AF5MRXET623113
1136898093,Chrysler,Town & Country,2002,WAUKD78PX7A370610
8368974305,Hummer,H3,2008,1G6AE5S32E0322689
6157845155,Pontiac,Sunfire,2002,JHMZF1C47BS238556
7298538969,Hyundai,Tucson,2007,JTHBK1GG5D1349634
7270756945,Lexus,IS,2003,YV126MFDXF2453350
4279109273,Dodge,Intrepid,1998,WBAVC73597A709931
1619615738,Lexus,LX,2003,WAUEG98E76A089572
857095498,Acura,NSX,2005,2HNYD18462H745896
4826942044,Mercury,Mountaineer,2000,WBAXH5C50CC265559
4222925195,Ford,E350,2010,1FTMF1EW7AK089944
2923112229,Ford,Econoline E350,1995,2HNYD18765H306311
177251956,Land Rover,Range Rover,1989,WA1EY94L17D622384
7406635311,Saturn,L-Series,2000,1GYFK26249R309532
8227356532,Lincoln,Navigator,2001,3TMJU4GN9BM992334
6593263273,Mitsubishi,Lancer Evolution,2003,1GD312CG2CF542275
5938496330,Oldsmobile,98,1994,1GYS4CEF1ER844427
2695873654,Mitsubishi,Tredia,1986,3D7JV1EP3AG155677
4358457215,Volvo,S40,2001,JN8CS1MU9FM057927
6928021837,Chevrolet,Express 2500,2012,1FTWX3B50AE154144
9678880865,Mercedes-Benz,CL-Class,2010,KMHHT6KD3DU328214
8029529457,Toyota,Tundra,2003,1G6AE1R3XF0036010
4231469563,Hyundai,Sonata,2004,5N1AL0MM5FC181284
9843480694,Cadillac,Escalade ESV,2010,19UUA66208A900186
5620805387,Jeep,Grand Cherokee,1999,WBXPC93427W917640
6697346248,Saab,9000,1989,WBAKB0C55CC235763
4049116790,Oldsmobile,Bravada,1994,WBA8Z5C57FD908277
4092288913,Audi,S4,2010,KMHHT6KD5CU796251
5105469240,Toyota,Tercel,1994,WAULC58E64A577548
7460039004,BMW,X6,2010,WBAEV53493K203901
1754153453,Land Rover,Range Rover,1989,WBAWL73507P044242
528759728,Chevrolet,G-Series 2500,1997,JN8AE2KP9E9015860
383412269,Infiniti,Q,1994,WDDPK4HA3CF918880
3570763595,Nissan,280ZX,1979,3D7TP2HT2AG201078
9719121114,Chevrolet,Malibu,2004,WA1LMAFE8AD520428
7926296279,Nissan,Maxima,2000,WAULC58E85A125005
8696917677,Jensen,Interceptor,1967,WAUGL78E37A117409
4883153274,Lexus,RX,2006,1G6AA5RA6F0950031
9721534366,Mercury,Cougar,1967,1GYS3DEF5BR521485
3949056424,Toyota,Land Cruiser,1996,WUARL48HX4K130901
489952569,Chevrolet,Tahoe,2000,1G6DW677670591745
5221375583,Spyker,C8,2005,1G6KD5EY9AU716756
5737061175,Ford,Bronco,1987,WA1CFAFP1FA320222
7024903406,Audi,5000CS,1988,1G6DJ577780287026
3650261502,Mercedes-Benz,E-Class,2003,WBADN53471G649816
5518961316,Isuzu,Amigo,1999,3C3CFFBR0ET972304
4352143626,Volkswagen,Jetta,1996,ZFBCFABH7FZ170870
2636969861,Nissan,Sentra,2010,JM1CR2W32A0752123
4952815676,Cadillac,Seville,1996,19UUA9F24CA165240
2482771781,BMW,M5,2007,1GYEC63858R597665
9271156544,Chrysler,Concorde,2002,4T1BF1FK2CU345223
6874057618,Ford,E-Series,2003,WAUNG74F19N559675
1441744177,Suzuki,Swift,2000,1G6KF54972U039907
5571693428,Volvo,S80,2003,5XYKT3A17CG083837
5901701399,Volvo,S40,2011,JN8CS1MU3FM789700
7658312096,Lincoln,LS,2002,WDCGG0EB0EG708696
4743520924,Chevrolet,Suburban 1500,2011,SCBGT3ZA3EC259481
8036930935,Nissan,JUKE,2012,1G6YX36D885209031
8747625848,Dodge,Grand Caravan,1997,1C3BC4FB9BN751785
2159734519,Audi,A8,2000,WAULFAFH0DN184926
3768504948,Ford,F250,1992,SCBLE37G26C325102
3572307090,Oldsmobile,Silhouette,1994,WAUPL68E55A842890
9313171392,Honda,Accord,2012,WBA3B3C58FJ136232
6576103549,Audi,A8,2001,1G6DZ67A680108940
5833817439,Rolls-Royce,Ghost,2010,19UUA9E50CA343396
3330078863,Nissan,Xterra,2007,WBADT53411C123906
3552724761,Jaguar,X-Type,2008,SALVN2BG1FH174238
2307061827,Nissan,Xterra,2007,4T1BK3DB7AU762666
6887724855,Nissan,Titan,2012,WBAEN334X4E728809
6658273901,GMC,1500 Club Coupe,1993,SALAG2V67EA722262
5088867190,Acura,CL,1997,19XFB4F29DE517041
606432795,Studebaker,Avanti,1964,3C4PDDEG9CT657354
7081010660,Buick,Regal,2000,1GD22ZCG1CZ759008
8467173130,Volkswagen,Eos,2009,JM1NC2EF0A0304503
9280118412,Buick,Riviera,1997,WAUCFAFH5FN202274
9408753550,Dodge,Dakota Club,1993,5N1AA0NC1AN378302
6184861328,Chevrolet,Silverado 3500HD,2006,1G6DE5E56C0815850
4789554988,Nissan,Quest,1998,1FMEU8FE8AU688621
8861876269,Kia,Sportage,2001,JTHFE2C22A2496167
4807643479,Subaru,B9 Tribeca,2007,YV1672MKXD2512771
5801473858,Mercury,Mystique,1997,WA1DMAFP1FA052461
5823055005,Nissan,Murano,2007,5N1AR1NB3CC860550
9191882001,Kia,Spectra,2009,3N1BC1AP7BL552699
767488091,Mazda,RX-7,1991,1FTEW1CM7EK023017
2827594277,BMW,530,2004,2G4WD582381717974
8893882604,BMW,X5,2000,5N1AA0NE5EN467992
8337802839,Land Rover,Discovery Series II,1999,1FMJK1H54BE787358
5879675084,Geo,Metro,1993,WBABN334X1J108113
6462000236,Mitsubishi,Montero,2003,1D7CE3GK1AS287304
9516011225,BMW,M5,2000,WAUHGAFC7EN868588
5620138348,Honda,Civic,1998,1GYUKDEF9AR901794
9596709224,Toyota,Land Cruiser,2010,5UXKS4C57F0936139
6794790459,Dodge,Dakota,1994,WA1LFBFP3EA723901
5317219949,Cadillac,DTS,2010,3N1CN7AP3EL099266
2660985111,Chevrolet,G-Series G20,1994,2T1BU4EE3DC439357
6495156553,Audi,5000CS,1988,WBAKF9C54DE753796
5882884276,Ford,F450,2009,1FTKR1AD6BP680306
7509797241,Nissan,Quest,2000,1G4GH5E30CF793059
9080228060,Lexus,GS,2013,1G6DG5E55C0213953
9463411968,Suzuki,Grand Vitara,2005,2G4WC552961746383
6794952572,Chevrolet,Impala,1996,WAUSF78E97A952349
9763880718,Lincoln,Continental,1987,1C6RD6LP6CS234800
3004479052,Mercedes-Benz,E-Class,2008,JN1BJ0HR0DM821559
1537383523,Lamborghini,Diablo,1993,1G6DA67V090416133
209413204,BMW,7 Series,2012,1NXBU4EE6AZ722670
9646002358,Saab,9000,1991,5UXZV4C52DL015836
914103830,Lamborghini,Countach,1985,1J4NF1FB1BD968424
462232115,Buick,Riviera,1999,2G61S5S32D9247750
9452222859,Chevrolet,Blazer,1998,NM0KS9BN3AT658828
391670891,Mercedes-Benz,C-Class,1999,WBAGN83414D789199
6158031496,Subaru,XT,1987,1N6AD0CW7FN603478
6913458681,Lexus,SC,2010,JH4KC1F53EC463649
2098677170,GMC,Vandura 2500,1993,WBAYA8C56ED101756
8599423142,Toyota,Paseo,1992,WBABS33453J045434
6132060332,Saab,900,1984,JN1AY1AR8CM685820
5859996667,Toyota,Tacoma Xtra,2003,2G4GT5GX6E9187307
1281489026,Chevrolet,Impala,2001,WP1AA2A22EL898941
7720566106,Volkswagen,GTI,1986,WP0CA2A86FK124958
8903796411,Mercedes-Benz,E-Class,1994,WBAKX8C56CC339243
1812247753,Volvo,V40,2004,3GYEK63N43G357413
5252977291,Mercedes-Benz,G-Class,2004,WAU2GAFCXFN785048
4813859437,Isuzu,i-370,2007,WAUCFAFC6FN411236
9896191840,Dodge,Dynasty,1992,WA1AM74L79D119315
5802649933,Suzuki,Aerio,2006,1FTSW2B50AE582484
1003343554,Honda,Fit,2012,1G6DK8EG4A0222755
8132063775,Porsche,Cayenne,2011,5J8TB1H55CA623174
7503242787,Saturn,S-Series,2000,3C3CFFFH3DT238417
5162882356,Porsche,911,1986,SAJWA6BC1F8467957
2579649352,Toyota,Prius c,2012,1GD22ZCG6DZ666423
3186244951,Pontiac,Firebird,1994,1FTEW1CM4EF663405
4762825689,Chevrolet,3500,1993,1D7RV1GT2BS827848
8968970297,Chrysler,Sebring,2003,YV1672MC7AJ355274
8112823251,Dodge,Caravan,2012,SCBBP9ZA1DC766928
4124046030,Chevrolet,Express 1500,2004,WAURFAFR0DA893219
3565763175,Hyundai,Elantra,2008,WBAFR7C57DD406577
8235612186,Pontiac,Sunfire,1998,1GYS3CEF7ER517713
9213980361,Chevrolet,Suburban 2500,2007,5N1AN0NW5DN751540
644100354,Pontiac,Bonneville,1965,ZHWGU5BZ5CL679575
48287881,Pontiac,LeMans,1968,JH4NA21661T298960
4496605570,Audi,TT,2001,WBAPM7C54AE724598
4590322153,Isuzu,Rodeo,1996,WBAPH5C52BF194619
6639486679,Toyota,Avalon,1995,TRUTC28N841520548
1692712845,Chevrolet,Camaro,1992,WBAEU33493P309775
5180230764,GMC,Savana 2500,2009,3D4PH6FV5AT324310
2627010425,Mercury,Tracer,1993,5GAER23738J633955
5295491676,Suzuki,Sidekick,1990,WBA4B1C53FG881346
3799802657,Chevrolet,Cavalier,1994,WBAVA37597N247159
9790587546,Ford,Windstar,1995,WAUMGAFL4EA193191
7722178022,Ford,ZX2,2003,5GALVCED3AJ689444
8153798448,Volkswagen,Passat,2007,1GYS3CEF9ER328545
2672728593,Porsche,Cayenne,2009,SALME1D41BA548259
9213797710,Toyota,RAV4,2007,WBAVD33596K796020
7009767017,BMW,Z4,2009,WBAKP9C50FD924534
9202917418,Lotus,Esprit,1995,WAUSG78E36A325139
8865150734,Mitsubishi,GTO,1998,SCBBR93W778894385
6310838490,Dodge,Grand Caravan,1997,KM8NU4CC4BU222751
1927491657,Mercedes-Benz,SLK-Class,2006,3GYFNCE37FS366629
7590914479,Suzuki,Vitara,1999,WBAUN7C50BV345826
8534266018,Kia,Optima,2009,VNKJTUD33FA079987
2122687967,Ford,Ranger,2009,KNDJN2A20E7327739
1768979383,Rambler,Classic,1963,WBAFR7C55CD655815
2981635972,Saturn,S-Series,1995,1GYS4JEF1BR344591
2466690020,Subaru,Impreza WRX,2010,1C6RD6FK0CS029442
440623391,Subaru,Outback,2002,1GTN1TEH9FZ774979
4671703793,Maserati,430,1990,1N6AF0LY5FN595781
1510055061,Oldsmobile,Aurora,2001,19UUB2F76FA977837
9157520798,BMW,M,2002,1G6DX67D690957791
492140758,Lexus,ES,1992,WVGAV7AX3CW873460
5742360827,Ford,Thunderbird,1984,WA1CMAFE9ED288721
7774740740,Infiniti,J,1994,SAJWJ2GD7F8751104
5677119229,Ford,Econoline E150,2002,JTHKD5BH8F2838270
4999625539,Maybach,57,2007,JN8AZ1MUXDW817738
5533823468,Saturn,Outlook,2008,1GYEC63N96R040485
9375207153,Honda,Insight,2004,1FT7W2A6XEE088669
5298878997,Isuzu,Oasis,1996,5TFBY5F18AX335787
5080819715,Mitsubishi,Pajero,2004,WAUKG94F76N303504
8502650572,Ford,E250,2009,1G4HR54KX14782282
9063627890,Kia,Optima,2007,2C3CCAGGXEH945526
8689191887,Hummer,H1,2002,3C4PDCGB4FT767342
7751089229,Audi,S6,1995,WA1LGBFE8ED729705
2844138535,Ford,Mustang,2010,1G6AJ5S35F0369552
5091210091,Buick,Century,1992,WAUEFAFL6CN067427
4675971423,Mercedes-Benz,S-Class,1996,1D7CE5GK0AS433803
3055176014,Buick,Century,2001,SALGR2VF8EA683010
2651120049,Dodge,Ram Van 3500,2002,SALAC2D4XBA431553
4688294948,Rolls-Royce,Phantom,2008,2C3CDYAG2DH304500
9315751906,Mazda,MPV,1994,WAUFGBFC2EN659787
2408592208,Mercury,Grand Marquis,2008,5GAKVDED0CJ928243
4808023970,Ford,Taurus,1986,JM1NC2JF0B0675071
7088525011,Audi,Quattro,1985,WBAPM7C53AA542379
3167414936,Kia,Sportage,1999,WAUNE78P98A678699
3830161557,Hyundai,Tiburon,2000,5XYKT3A13CG998118
1714181529,Buick,Somerset,1985,1GYUKGEF8AR978898
5343522378,Mercedes-Benz,R-Class,2010,WAULFAFR5AA962620
2573071774,Buick,LeSabre,2002,5TDBK3EH4BS790082
5045706942,Mitsubishi,Chariot,1986,WDDUG7JB9FA976454
2779906987,Dodge,Ram Van B350,1994,WP0CB2A87FS374898
6445249973,Audi,riolet,1994,4JGDA2EB3DA047071
9350899795,Volkswagen,Golf,1995,YV1672MS2B2769212
4629618155,Chevrolet,Monte Carlo,1997,5YMGY0C56CL660665
1760464694,Mitsubishi,Diamante,1999,2G4WS52J651293997
7844821973,Saab,5-Sep,2003,WA1AGBFE1CD744115
4574630051,Ford,Taurus,1986,1GT3C0BGXAF631318
853541949,Mercedes-Benz,E-Class,1992,JN8AF5MR4CT796025
7675007808,Dodge,Ram 3500,2004,2B3CJ4DG6BH091378
7553013145,Nissan,Maxima,2000,1G6DE8E51D0708594
585027110,Ford,Edge,2010,3GTU1YEJXDG232945
8368142997,Mazda,MX-3,1993,WBANV13519B671924
8394175376,Mazda,Miata MX-5,1995,KL4CJFSB7EB622614
3768537889,Chevrolet,Tahoe,2004,JTHKD5BH4F2675410
3788811390,Chevrolet,Cruze,2012,1FBAX2CMXFK292460
6289942298,Chevrolet,HHR Panel,2006,JN8AZ1MUXDW102605
3729495488,Lexus,IS,2009,WBXPC93469W233855
9948905369,Chevrolet,Bel Air,1967,WDCYC3HF3CX396547
4429552711,Chrysler,Concorde,1997,5TFBW5F19CX719053
8532020976,Subaru,SVX,1992,WAUAH78E06A071656
3299826859,Pontiac,Trans Sport,1992,5NPEB4AC1CH125869
38567601,Jaguar,XJ,2009,WAULFAFH8DN398725
1938949455,Eagle,Summit,1994,1C3CCBCG3EN624656
8995579226,Mercury,Villager,1994,2C3CDZAT5FH009977
1274040434,Audi,A3,2009,WBADW7C57BE080139
5168151035,Porsche,Boxster,2006,3VW507ATXFM156816
6703631069,Ford,F-Series,1990,5J8TB2H5XCA913108
2921177625,Volkswagen,GTI,2001,JN1CV6EK2CM676994
7795874991,BMW,3 Series,2007,WBAPK5C52AA739733
4377442589,Mercury,Mariner,2005,WAU3FAFR4DA921450
7755497976,Mercedes-Benz,C-Class,2003,KNADH4A33A6456824
7829917493,BMW,M3,2003,WP0AB2A98FS384372
4705537718,Buick,Riviera,1991,JHMZE2H30DS273547
8470191500,Bentley,Continental GTC,2012,SAJWA4DC8DM078514
9656567501,Toyota,Camry,2001,WP0AB2A95BS070558
1781218129,Chevrolet,Cavalier,2003,SCBLF34F52C216104
155851993,Volkswagen,Jetta,2009,1G4HF57979U400111
9725074084,Ford,Ranger,2004,1C3BCBGG7CN005125
7018884411,Nissan,Sentra,2001,KNAFZ6A39F5078829
6873585211,GMC,Rally Wagon G2500,1995,4USBT53404L772749
8196539142,Dodge,Charger,2009,1D4PT4GK6BW318440
51843242,Chevrolet,S10,1997,JTHBK1GG4E2330522
9485680465,Dodge,Dakota,1994,JTEBU5JR6B5281956
5646734851,BMW,Z4 M,2009,1FTSW2B55AE612093
8599002716,Lexus,SC,1998,2G4WE587171128901
4280168601,Mazda,Navajo,1993,YV4952CT4E1780951
1452724768,Lotus,Exige,2012,3VW4S7AT7EM842946
736157042,Buick,Century,2005,3D7JB1EK7AG952169
8491730664,GMC,Savana 1500,2009,5J6TF1H37DL403357
4759327142,Suzuki,Grand Vitara,2009,1N6AD0CW6FN936285
959792058,Mitsubishi,Galant,2005,WBABN53452P232249
1511076712,Chevrolet,Cavalier,2002,19UUA9F73CA653011
8545806264,Audi,Q7,2012,3D73M3CL0AG239611
7023346805,Nissan,GT-R,2011,NM0GE9F79F1460220
9435438318,Saab,9-7X,2009,YV4902DZ4C2700315
8781568169,Lamborghini,Gallardo,2010,JH4KB16678C058149
8363877182,Oldsmobile,Achieva,1998,WDDGF4HB9DF267379
421233346,Maserati,Spyder,2005,1FADP3E22DL107554
3290964469,GMC,Safari,1996,5N1AA0ND4FN098292
5881096428,Subaru,Impreza,2001,SCBFR7ZA7DC306544
5328950100,Hummer,H3,2007,2C3CCAJG1EH446302
4703284634,Acura,Integra,1998,WBAWC73598E055155
5615440341,Buick,Regal,1990,WBANV1C52AB948942
9690710702,Subaru,Alcyone SVX,1997,WAUBH78E97A322468
8205611009,Hyundai,Elantra,1994,19UUA56993A491492
9342433480,Plymouth,Sundance,1992,WBAEV534X4K675932
1941578829,Oldsmobile,98,1995,JTHFF2C24F2121983
9071243699,Buick,Rendezvous,2006,1G6KY54961U257717
4641207100,Aston Martin,Vantage,2006,WDDEJ9EBXDA841735
4143388715,Oldsmobile,88,1998,1N6AA0CC9EN478402
1095277383,Ford,Aerostar,1993,1GYS3LKJ0FR032016
6605662571,Suzuki,SJ,1989,WAUGL78E17A782910
5668157148,Toyota,Tacoma,1998,WVWED7AJXDW571766
9141323572,Mitsubishi,Diamante,2001,WBAPN7C56BA189327
9072899113,Subaru,Leone,1987,3GTU1YEJ5DG149763
7042481887,Land Rover,Defender 110,1993,1G6AA1RX4F0463147
169739546,GMC,Savana 2500,2004,3GYEK63N53G171329
1657155943,Infiniti,G,2008,WA1DGAFE5ED729563
9716375085,BMW,5 Series,1993,JTDBT4K32B1278720
3177856214,Ford,F-Series,1986,1GD311CG7FZ391043
6666071425,Mercedes-Benz,Sprinter,2010,3C3CFFERXFT187317
7174018882,Mercedes-Benz,CLS-Class,2008,1B3CB8HB5AD913439
8536167157,Kia,Soul,2011,1NXBU4EE7AZ069105
991873475,Audi,riolet,1998,KNAFX6A88E5144447
8004294235,Ford,Expedition EL,2009,5TFAW5F1XEX060575
2406707814,Subaru,Legacy,1989,WAUDH98E28A066311
1904518346,Audi,Q7,2009,1FAHP3HN4AW295785
2287923586,Mercury,Lynx,1985,WBAWV53547P845240
6153103685,Mercury,Sable,1996,5N1BA0ND2FN136896
5682044304,Suzuki,Aerio,2002,5N1AN0NU6BC762912
3419782403,Maybach,62,2011,1GYS4KEF3DR444071
4439439683,Plymouth,Grand Voyager,1994,WAUEH98E16A878779
1779190522,Hummer,H2,2004,5N1AR2MM0DC276455
9494122992,Isuzu,Oasis,1996,1ZVBP8AN8A5397455
7329662933,Hyundai,Elantra,2008,WBAAZ33475K262939
1954567081,Chevrolet,Suburban 1500,2008,JA32U1FU7BU306197
143515993,Mitsubishi,Chariot,1996,JHMZE2H50DS825193
6348179761,Lincoln,Town Car,1994,5GAEV13D99J308367
3122881098,Chevrolet,Corvette,1988,JTHBP5C22B5575459
9690318365,Mazda,Mazda6,2004,3VWPG3AG1AM556935
6904356383,Subaru,Loyale,1990,WAUWFAFH6AN606917
8883282442,Volkswagen,Passat,2001,JH4CU2F61DC107053
765584190,Chevrolet,Silverado 1500,2001,WBAWL13587P316825
6093131246,Mazda,Mazda5,2008,1FMEU3DE0AU371373
3366859598,Mercedes-Benz,190E,1993,SCBDP3ZA1AC272800
4771520321,Ford,Bronco II,1989,5FRYD3H47GB448133
9578414153,Ford,Explorer Sport Trac,2008,1N6AA0ED1FN783691
4177211095,Buick,Regal,1990,1C4RDHDG1DC062030
196522552,Ford,Taurus,2008,JM1NC2LF5C0441278
9315003888,Nissan,Titan,2004,WP0AB2A88FK452130
265018226,Audi,S4,2005,WAUDH74F87N133987
457620013,Mitsubishi,Montero,1993,1VWAH7A38DC295123
6120733957,Mitsubishi,GTO,1996,1FTWW3DY6AE693684
7083199140,Maserati,GranTurismo,2011,WAUDFAFL7DA947749
5414587167,Aston Martin,Vanquish S,2006,JTHBC1KS7B5018326
2687555908,Audi,TT,2010,SALAK2V63FA127537
3436314218,Ford,Ranger,2010,1GYS3DEF3BR658652
9970712314,Oldsmobile,Alero,2004,WA1C8BFP6DA442054
7299053748,Chevrolet,Lumina APV,1992,2LMHJ5ATXCB995153
7048802278,Cadillac,Allante,1993,WAUEKBFB4BN061472
5698889236,Corbin,Sparrow,1999,WAULD54B84N740556
4890744746,Ford,Aerostar,1992,2G61P5S32E9730951
5637451613,BMW,M Roadster,2008,WAULD64B84N831915
1004521243,Rolls-Royce,Phantom,2009,YV126MFC9F2474939
3284509828,Honda,Civic,1998,WP0CA2A83DS041694
1970262680,Kia,Sedona,2007,1FTFW1E87AK129062
1318746531,Ford,Ranger,1995,5LMJJ3H53AE728735
981325653,Ford,F-Series,1985,YV1982BWXA1875265
9717258376,Ford,Focus,2002,WAUPFAFM8CA651112
9490849987,Porsche,928,1993,1G4HP52K93U671962
6364429203,Mazda,Mazda3,2008,3VWF17AT3FM063802
926594257,Saab,900,1998,WAUXF78K19A043018
6076286466,Buick,LeSabre,1999,TRURD38J581816742
4542105326,Aston Martin,Vantage,2008,WAUAGAFD3DN899796
8598600415,Merkur,XR4Ti,1985,1GKS1CKJ9FR149917
1050497953,Hyundai,XG300,2001,WAUDF98E36A482922
4538521124,Chrysler,Prowler,2001,WBAVA33548K763213
4615714858,Dodge,Dakota Club,2005,5J6TF1H32CL664703
1201103495,Ferrari,F430 Spider,2006,1G6DA67V680466792
3103381980,Subaru,Impreza,1995,JH4DB75551S319424
8204840519,Ford,Taurus,1987,WBA3V9C56EP526980
5183002835,Chevrolet,Colorado,2006,1G6AB5S34E0459268
4856289942,Saab,9-4X,2011,WAUEKAFB4BN737641
3595277643,Volvo,XC90,2007,WBAUC9C50DV744742
6499224812,Lotus,Elan,1993,WBA3B3G56DN090416
324522207,Dodge,Dakota,2006,JN8AZ1MU1DW295985
1233864475,Mercedes-Benz,300SE,1992,5GADX23L06D987989
3552313575,Lotus,Elise,2005,WBAKG7C51CE690902
7215666794,Lexus,RX,2005,2C3CCAHG0CH410569
4045095624,Ford,Tempo,1988,1C3CDZBG6EN632838
7159946553,Suzuki,Grand Vitara,2005,WBABN33462P699281
9192533213,Infiniti,QX56,2007,1G6DJ8ED5B0811226
5804847856,Audi,Cabriolet,1994,5XYZT3LB0FG016490
7730358425,Ford,Mustang,1969,3D4PH3FG3BT070940
238773752,BMW,325,2004,WA1DGAFE8FD303724
2416563262,Chevrolet,G-Series 2500,1998,3GYEK62NX4G786963
6231506002,Kia,Optima,2005,SAJWA1EK5EM505878
9423451470,Mitsubishi,Galant,1994,WBXPC9C43AW262119
7452838947,Mitsubishi,RVR,1993,WDDEJ7KBXDA066071
3267201896,Dodge,Intrepid,2001,WBABS53431J689653
6321615420,Volvo,S80,1999,1HGCP2E40AA158593
5082193570,Ford,Mustang,2000,1ZVBP8AM6B5615269
8281147318,Mazda,Mazda3,2004,WVWAB7AJ5DW248276
1491142073,Lotus,Exige,2009,1N6AD0CU2CC862045
3779621037,Chevrolet,Camaro,1998,1G4GF5E3XDF092875
7371022130,Mercury,Mountaineer,1997,SCBGU3ZA9EC826029
1196869057,Ford,F150,2002,3GYFNAE38ES061045
1719218501,Pontiac,Sunbird,1992,WAUFFAFM5AA049079
7922640587,Lamborghini,Gallardo,2011,JH4DC23161S703843
6132332529,Cadillac,Escalade,2012,1G6DP577070260943
8826538689,Chevrolet,Silverado 3500,2008,JN1AZ4EH8FM341344
9851856983,Mercury,Grand Marquis,2008,WBANW5C56AC955469
4538971294,Pontiac,Firefly,1988,WVWAP7AN8DE925153
2675474959,Ferrari,599 GTB Fiorano,2010,5N1AN0NU4CC877252
3788645334,BMW,6 Series,2010,WAUGL98E27A941428
2888277565,Dodge,Magnum,2005,WAUBFAFL9FN112965
8843879448,Suzuki,Esteem,1999,WA1AGBFE3CD618998
7052803445,Chevrolet,2500,1996,WBANU53539C997194
6645601107,Subaru,Legacy,2012,1G6AH5R35F0410991
3313611443,Ford,Taurus,2007,WA1VFAFL7DA929043
6021871197,Nissan,Frontier,1999,1FTMF1EW3AF247544
1242233679,Oldsmobile,Bravada,1993,SCFEBBAC9AG285117
2845494831,Pontiac,Sunfire,1997,1FADP5AU3EL629405
2709889560,Saab,9000,1996,5GAEV23708J520248
2636052801,Kia,Sportage,2006,2HNYD18715H518386
4310009123,Dodge,Journey,2010,5NPEB4AC4DH966327
2433864348,Ford,Thunderbird,1980,3G5DB03E35S147245
8498708796,Chrysler,300,2011,WAUDF58E15A158262
2206588447,Ford,Excursion,2001,2C3CDZAT1FH956935
167228633,Audi,Allroad,2002,WA1C8BFP2DA321814
4374526625,Cadillac,CTS-V,2009,WBANW53579C080267
4765862607,GMC,Yukon XL 2500,2001,1G6AY5SX9F0127362
6967135589,Subaru,Justy,1994,SAJWA0FB0BL268405
706364309,Honda,Accord,1998,WAUSF78K99A986090
226489337,Acura,RL,2001,2G61V5S83F9402764
1754957463,Mitsubishi,Montero Sport,2000,WAUPFBFMXBA686030
8556930107,Chevrolet,Tracker,2001,WA1DGBFE2FD933924
3950722939,Kia,Amanti,2005,WAUTFAFH3BN129187
6981058464,Audi,100,1991,YV4902DZ7D2259376
2210878780,Ford,Taurus,2013,WBXPC93449W109132
3228181650,GMC,EV1,1999,WAUGFAFR8DA506410
9082911043,Maserati,GranTurismo,2012,2C3CCABG0DH525893
4211230433,BMW,5 Series,1997,1G6AG5RX1F0083592
1802259384,Oldsmobile,Aurora,2002,WAUKD98P27A740878
4882087936,Lamborghini,Murciélago,2003,WBAYE0C56ED475399
385127634,Saab,900,1997,2HNYD18935H349506
9840401483,Mazda,Mazda3,2005,JTDKTUD36ED237300
3468803699,Chrysler,PT Cruiser,2008,WAUVT68E22A101907
8405761748,GMC,2500,1998,19XFB4F25DE655143
8152022322,Mercury,Montego,2006,WAUDF48H07A924280
6244740106,Dodge,Dakota,1998,3D7TT2CT4BG119468
4075703703,Chevrolet,Corvette,1956,KMHGC4DE6AU324904
1937243389,Land Rover,Range Rover,1991,1D7RE3GK3BS632828
5727675774,Mercedes-Benz,R-Class,2012,5J6YH1H32AL790685
6546564017,Dodge,Dynasty,1992,1G6DE5E5XC0002673
6662025607,Buick,Riviera,1986,WAUAF48H17K998417
4459298449,Saab,5-Sep,2001,1J4AA2D15BL846734
7263303426,Lincoln,Mark VII,1984,WVWAA7AH8AV137013
9354160204,Suzuki,XL-7,2005,3VW4T7AT5EM078060
5298247725,Ford,Mustang,1973,1G6DM57N230330847
8844854864,Mazda,MX-5,1995,5TDBM5G14AS812537
3266120566,Jeep,Commander,2010,3C3CFFER5FT447039
5350716964,Audi,80,1992,KMHTC6AD7CU539054
2167406169,Chrysler,Town & Country,2000,3VW517AT5FM776230
9884972672,Ford,Explorer,2013,WBAFU9C51CD257365
3483931805,Chevrolet,Corvette,1954,1N4AB7AP8DN968929
3863237978,Porsche,924 S,1987,WVGAV7AX6FW461702
6388651763,Ford,F350,1996,WBALL5C52CE433350
5246248003,Chevrolet,Express,2007,3VW4A7AT2DM678653
4339598712,Ram,1500,2011,3D7JV1EP8BG505662
5866042568,Mitsubishi,Eclipse,2003,WAUDF78E16A258214
4850264506,Acura,NSX,2005,5FPYK1F5XEB479632
2693006643,Mitsubishi,Endeavor,2010,5UXFE83518L194628
969407327,Mitsubishi,Outlander,2005,WAUGL78E08A222958
7204226283,Dodge,Viper,1996,WAUWGAFB0BN369576
2454920220,Mercury,Monterey,2004,1N6AA0CC1FN992990
1651825661,Suzuki,SJ,1989,YV1902FH3D2964225
4581865263,Mitsubishi,Starion,1984,3HGGK5G59FM162398
4934538275,Maserati,Quattroporte,2008,SCFBB04B78G387021
3990948644,GMC,2500 Club Coupe,1994,KNDPB3A27C7515812
6780295809,Saturn,Outlook,2008,1FTWW3CY5AE070350
2123783013,Bentley,Continental Flying Spur,2011,WDDLJ6FB3FA060966
4634284936,Dodge,Dakota Club,1997,1D7RB1CP3AS263725
9271627032,Maserati,Karif,1990,3C63DRKLXCG412740
2684169187,GMC,Savana 1500,2006,1FTEW1CF0FF888634
6710285898,Kia,Sportage,1996,WUAUUAFG3EN604140
3261027436,Honda,Accord,1989,1FTWW3A56AE671405
7549278792,Subaru,Forester,2008,1GYUCGEF5AR041410
8085041464,Ford,F150,2006,JTDZN3EU4FJ341720
3398772684,BMW,Z3,2001,1G6KD57Y34U281914
2036604455,Mercedes-Benz,R-Class,2011,KNAFU6A23C5953128
6876543552,Ford,Torino,1970,SCBLC37F06C009937
5918443762,Subaru,Legacy,1994,WAUSH78E98A836371
6355260765,Ford,EXP,1986,1G6KY54963U186263
4774481971,Cadillac,Escalade,2006,SAJWA4DCXDM756678
4424730808,Land Rover,Freelander,2011,WAUWGAFCXDN496282
1419894730,Kia,Sephia,2001,2G4WB52K221366464
787633992,Toyota,Camry Solara,2006,WBAUU3C55CA280489
8611838270,Chrysler,LHS,1995,WDBSK7AA4BF705904
707559715,Pontiac,Firefly,1984,JN8AS5MTXDW367494
8423497453,Suzuki,SJ,1995,WBADR63482G618277
7628409326,Mercedes-Benz,CLK-Class,2000,TRUDD38J291754292
8483639017,Hyundai,Elantra,1995,JH4DC43571S530784
2332965149,Dodge,Viper,1996,1G4GD5EDXBF709543
2690404990,Honda,Civic,2007,1G6AB5SX8D0470744
8010782939,Subaru,Legacy,2008,KMHHT6KD9CU242632
3199188834,Subaru,Forester,2000,WBAVC93518K266438
8549622982,Chevrolet,Cavalier,1994,5TDDK4CC5AS637716
4274396681,Chrysler,Sebring,2010,1G6DM57T660681120
1391349334,Lexus,RX,2006,WAUKH78E96A834407
2991448962,Honda,Civic,2003,WBAKE3C59DE067186
5092375515,Nissan,350Z,2008,WBY2Z2C59FV944052
3982683289,Lexus,GS,2009,2G4GS5EV2C9982016
7216711106,Chevrolet,S10,1995,1GYS4GEF9CR452803
3350791131,Cadillac,Catera,1998,3D7LT2ET2AG945747
2555397507,Nissan,Xterra,2002,2T1BURHE8EC042446
575388749,Infiniti,M,2006,ZHWGU6BZ7CL785080
3138495842,Hyundai,Veracruz,2012,WAULC68E34A695000
9700494438,Audi,A5,2008,SCBGU3ZA0DC579322
7206915086,GMC,Vandura G2500,1995,2G61N5S30E9847160
5471473787,Ford,Thunderbird,1987,1G4HR57Y78U739917
8360671419,Honda,CR-V,2001,WAUEF98E97A058375
2334278491,Cadillac,DeVille,2000,5GAKVBKD5FJ505770
1722087765,BMW,530,2001,KNAGG4A8XA5130682
9625038612,Dodge,Dakota Club,1995,1G6AH5R37F0912711
8239934994,Chevrolet,Malibu,2009,5J8TB3H55GL428312
7198801978,Hyundai,Tucson,2005,1FMNE1BW9AD081212
1904988008,Honda,Element,2004,WA1YL64B85N066521
2863897020,Mercedes-Benz,CLK-Class,2004,JN1CV6EK8AM845509
791267768,Mitsubishi,Challenger,2004,WBASN4C50CC354125
5434221508,Isuzu,Axiom,2004,WAUMGBFL2DA322811
567852784,Pontiac,Daewoo Kalos,2006,WUARL48H46K813969
541407090,Dodge,Grand Caravan,1996,WAUFFAFC2EN503410
8155040135,Land Rover,Defender,1997,WAUKF78P59A044128
2396988530,Honda,CR-V,2008,SCBLF34F83C004590
2123727806,Pontiac,Grand Prix,1997,2HNYD28268H648730
3594652971,Chrysler,Fifth Ave,1992,1D7CE5GK1AS787362
3898647013,Kia,Sportage,2011,1FTEW1E81AK076676
8201497171,Infiniti,Q,1996,5TDDCRFH0ES564939
6132369333,Bentley,Continental GTC,2010,2G4WE537651981170
7296820373,Infiniti,I,1997,WAUKF98E38A444939
3593286394,Honda,Accord,1997,JTEBU4BF3BK925591
7696715968,Nissan,Frontier,2003,WAUWGAFB4AN532891
385691017,Chevrolet,Corvette,1965,WAULL44E75N001526
2259319394,Mercedes-Benz,S-Class,1996,1FTEW1C86AK903025
4634722070,Ford,Contour,2000,1GYS4BEF1CR476032
7585544286,Hyundai,Santa Fe,2001,WAURVAFDXCN601574
6507949825,Volvo,960,1995,WAUGGAFR0DA205465
3844560335,Chrysler,Town & Country,2008,1G6DL5EV0A0993336
6262037926,Acura,NSX,1995,2C3CDXBG4EH566366
4609256185,Dodge,Ram Van 2500,2003,JHMZF1C62ES495615
4134955262,Volkswagen,Cabriolet,1995,1FTEX1E8XAF725378
7248585734,Lincoln,Town Car,2002,1G6AJ5S35F0141227
4930602491,Saab,3-Sep,2003,WAUDH78E96A633521
5423832659,Mitsubishi,Lancer Evolution,2011,WAUVT58E45A757752
860719235,Oldsmobile,Achieva,1992,3C3CFFJH5ET049423
241014697,Plymouth,Volare,1976,5YMGY0C54DL252344
9464687517,Infiniti,FX,2008,SALSF2D41DA858599
1881879305,Saturn,Ion,2003,WAUPL58E24A428491
7502271554,Chrysler,Cirrus,1999,1D7RE3BKXAS311312
1793344221,Aston Martin,V12 Vantage,2011,JH4CU4F49AC642699
8394196608,Chevrolet,Camaro,1971,SCFAB01E79G136270
5574891662,Mazda,RX-7,1988,WAUDG58E25A107799
4246453269,Plymouth,Acclaim,1994,3D7TT2CT0BG557257
7726365447,Cadillac,Eldorado,2002,3C3CFFCR1CT234281
4555694473,Chrysler,New Yorker,1992,WDDGF4HB7DA831673
1202286,Chrysler,Town & Country,2012,JTHFN2EY7A9756216
9663813431,Dodge,Viper,1995,1G4CU541134921878
4866003642,Jeep,Grand Cherokee,1995,1D7RV1CP4BS455289
7940909266,Morgan,Aero 8,2008,1G6AJ5S32E0850924
6435527660,Dodge,Caravan,2006,1FTSX2B57AE012415
2978650966,Lincoln,Mark VIII,1997,3VW4A7AT1DM314644
4518242440,Chevrolet,HHR,2006,1G6DP1E33C0680554
7399257345,Toyota,RAV4,1997,WBACN534X1L174052
2377026532,Ford,Focus,2009,1G6AM1R39F0875441
7274114077,Mercedes-Benz,300TE,1992,4F2CY0C73AK964791
154617830,Cadillac,Eldorado,1998,WAUKF78PX9A952171
6576955480,MINI,Cooper,2003,2FMHK6DC1AB062052
5475231435,Land Rover,LR4,2011,SAJWA0EX5E8454381
7727472247,Subaru,Impreza,2003,WP0AB2A9XFS204583
6067264072,Mazda,CX-9,2007,2G61M5S37F9375138
8097227037,Lincoln,LS,2000,1C3CDZBG5DN495227
7117815477,Saturn,S-Series,1999,WAUJC58E32A632669
4162378932,Porsche,Cayenne,2005,1G6DM5EG5A0021603
7727130249,Mazda,626,1999,3N1CE2CP9FL571214
7784925379,Ford,Taurus,1989,WAU3GAFR3EA993819
3871430730,Infiniti,I,1997,JM3TB2CA4E0705566
9462526273,Mazda,MX-5,1996,JN1BJ0HR7EM568421
4261152363,Dodge,Ram 1500,1994,3VWML7AJ8CM689275
3143166096,Chrysler,Town & Country,2010,WAUGFAFR9CA431571
1700845217,Audi,A4,2008,2C3CDZAG0FH536828
3928016210,Buick,Park Avenue,2005,1G6AB5SX7D0241987
5444122138,Land Rover,Range Rover,2003,3C3CFFER1CT173012
8395084420,Dodge,Viper RT/10,1995,WBA4B3C52FD512636
3726663479,Cadillac,Eldorado,2001,WBAYE4C5XED783005
7534156874,Lotus,Esprit,2000,JM1CW2BL8C0298154
1863148337,Hyundai,Sonata,1998,WBAVM1C51EV300595
2640540874,Mercury,Grand Marquis,1984,1G6AT5S33E0716997
1213467926,Kia,Amanti,2004,KMHHT6KD7DU993553
8774271342,Dodge,Viper,1993,3GYFK66N36G796316
9612804605,Lotus,Esprit,1987,1N6AA0EJ8FN471700
2754229086,Toyota,TundraMax,2008,WAUDF98E96A621404
2600672095,Ford,Mustang,2002,JTDKN3DU3B0680858
9961642252,Volkswagen,Golf,1997,3C6TD4KT0CG959616
9158354670,Volvo,V50,2005,1FTEW1CF2FF719845
8294878618,Cadillac,DeVille,2001,5TFAW5F15FX786393
8313782668,GMC,Yukon XL 2500,2013,4T1BF1FK8CU314087
2015465529,Porsche,911,1997,3D4PH1FGXBT482549
7420496374,Mitsubishi,Montero Sport,2003,1FTMF1CW9AK463179
7428741459,Lincoln,MKT,2010,WBAUN1C50BV510965
5319751222,Audi,RS6,2003,WAUBF98E58A000042
6962512546,GMC,Savana 1500,1998,JTHFF2C27D2480385
3675539180,Toyota,Echo,2001,1GYFK562X9R790193
4220993878,Lexus,LS,1992,2C3CDXBG6CH791014
6304347979,Nissan,Xterra,2006,19UUB2F54FA086010
1148879404,Toyota,Camry,1996,1ZVBP8AM2E5937167
2632460999,Toyota,Land Cruiser,1992,KMHHT6KD8DU198592
5518446209,Volkswagen,Cabriolet,1998,WAUXL58E05A420746
6662316458,Daewoo,Nubira,2002,3GYFNBE39CS339311
1556914873,Subaru,Tribeca,2007,WAUKFAFL1BA121273
7508949420,Ford,Thunderbird,1995,5N1AR1NBXAC872322
7261578924,Acura,CL,2003,JTEBU4BF0AK284897
6963128111,Mazda,MPV,1996,1FBNE3BL1ED132105
8272019825,Mitsubishi,Mirage,2002,SCFEBBBK7DG091079
5146776563,Lexus,LS,2008,JTDZN3EU6D3037760
5154852206,Toyota,Celica,1984,19UYA42493A947934
6938523312,Mercury,Mariner,2006,WA1WKBFP3BA206960
2772666794,BMW,750,2006,SCBDR33W88C821711
5392463363,Mitsubishi,Chariot,1991,1FTEX1CW0AF901758
4006952112,Subaru,Alcyone SVX,1992,1N6AA0EC0DN224279
3590260475,Mitsubishi,Montero,2002,3VW517AT0EM209115
9246440005,Pontiac,Torrent,2007,3GTU2YEJ5BG182336
185166938,Mercedes-Benz,G-Class,2009,WUARU98E27N924939
2678306933,Mercedes-Benz,CLS-Class,2010,WBAKF5C59CE519564
5482171957,Ford,Tempo,1990,2FMGK5BC3BB014157
4708738552,Toyota,Venza,2011,3D73M4CLXAG717040
2153375231,Porsche,Cayenne,2004,1N4AL3AP1EC035926
2813976059,BMW,530,2004,WBALZ3C57CC738387
8751543052,Maybach,Landaulet,2009,YV140MAK8F1999554
6060361862,Mitsubishi,Galant,2002,WA1KK78R99A177338
6572512533,Honda,Accord,2012,5J8TB4H53FL178492
7471910348,Chevrolet,Monte Carlo,2007,5N1AR2MM1FC272112
2783507803,Ford,GT500,2009,JH4KB2F64CC951250
1341209407,Nissan,Titan,2006,1FTDS3EL5AD694563
7549296979,BMW,3 Series,2011,5GADV23L86D936679
3770987624,Dodge,Viper,2010,WAUEH78EX6A417343
5454143758,Dodge,Neon,2000,WBA3R1C50FK275779
7723711972,GMC,Sierra 3500,2005,JTHBL5EF8F5652790
2542747911,Chrysler,Imperial,1992,1G6DL5EG7A0901401
6359909634,Ford,Escape,2011,JH4DC54844S606674
170249115,BMW,3 Series,1998,3C3CFFHH2ET385066
5521466983,BMW,3 Series,1995,1FTSW2B52AE187576
5360210982,BMW,650,2006,WBAAX13475P861966
2003210105,Honda,Accord Crosstour,2011,4T3BA3BB8DU248617
6338895642,Pontiac,Grand Prix,1976,WVGAV3AX4EW783231
8873755194,Kia,Amanti,2008,5N1AA0NE6FN840880
4579442636,Honda,Accord,2003,JN1CV6EK7FM662268
6524790278,Volkswagen,Eurovan,2001,SCBDR33W97C970336
5367547915,Ford,F250,2011,1B3CB5HA2AD524151
9055103926,Dodge,Ram 3500,1994,5TDDCRFH2ES092999
9768640618,Toyota,RAV4,2007,1GTC5LF99B8222076
3707283550,Chrysler,LHS,1999,1HGCP2E88AA231616
8213744489,GMC,Savana 2500,1997,3D7JB1EP6BG654662
8168196465,Ford,E-Series,2007,2C3CCAPT7CH547975
4503444301,Pontiac,Vibe,2009,WBABN33452P345851
684794802,Toyota,Venza,2010,1G6AG5RX0E0812969
693606460,Isuzu,VehiCROSS,2001,1G6AD5S3XD0157282
3712489838,Chevrolet,3500,1999,1GYS3DEF4ER729071
2855663415,Lincoln,Continental,1996,WAUGGAFR8DA697663
5382824207,Lincoln,Navigator,2002,KMHHT6KD3BU346435
1906091757,Lamborghini,Murciélago,2007,WDDNG7DB9DA104403
4934672567,Chevrolet,Colorado,2008,JTDKN3DU7F0705511
9277125349,Ford,Bronco,1987,1G6AA5RA6E0973128
6748490316,GMC,Sierra 1500,2001,1N4AL2AP0BN699970
5606642573,Mitsubishi,Montero,1994,WAUDF78E66A880131
9093722034,Kia,Rio,2008,1G4GE5E36CF323434
6657556314,Dodge,Ram Van B250,1992,1FTEX1CM5DK835900
8116028340,Pontiac,Montana,2004,WAUFFAFL4FA620852
3683615605,Mercedes-Benz,E-Class,1987,1GKS1AE07DR103250
9446158508,Pontiac,LeMans,1965,1FADP5AU4EL074013
6207093089,Hyundai,Accent,1998,WAUWGBFB2BN722034
6547649113,Jeep,Grand Cherokee,2000,2C3CCABG4FH998778
7115030324,Infiniti,G,2000,3D73M4EL4AG768739
7922694156,Lexus,ES,1999,1FTWX3B53AE246395
2423345577,Mercedes-Benz,S-Class,1990,3GYFK66N64G700840
9579472777,Lincoln,Continental Mark VII,1991,2G61M5S38E9511145
9873233687,Isuzu,i-350,2006,1GKMCCE36AR550303
6953270691,Chevrolet,S10,2003,1G4GB5EG1AF800411
4490841639,Mazda,CX-9,2007,1D7CE3GK9AS158047
5348543160,Ford,E-Series,1991,1C3ADEAZ7DV516453
3217574540,Toyota,Highlander,2009,1D7CW3BK3AS186673
7932672406,Isuzu,Trooper,1999,1G6AC5S3XD0298047
4596378525,Audi,5000S,1985,2B3CA7CW1AH704273
9301828847,Pontiac,Grand Am,1999,WVWED7AJ2BW873002
2497105065,Buick,Electra,1989,WAULT58E43A194559
4951944901,Toyota,4Runner,1997,YV4952CY1E1298272
5684974015,Ford,Explorer Sport Trac,2008,1N6AA0EC8FN357083
4819248022,Dodge,Dakota Club,2003,1GYEK63N96R414306
1693935589,Mazda,MPV,1990,WBABD53416P025639
2765637989,Cadillac,Escalade ESV,2007,1G6DN57S550348815
2119672385,BMW,7 Series,2011,1C3BC4EB4AN001226
1356108083,Jeep,Patriot,2011,3C4PDCEG4ET613209
6160521772,Pontiac,GTO,1973,KMHCT4AE4EU477581
7651670485,Kia,Sedona,2009,1D7RV1CP1BS666868
4727306050,Mitsubishi,Eclipse,2012,WBABS33402P405771
4487067189,Chevrolet,Venture,1997,1N6AD0CU4AC562066
1831549107,Volkswagen,R32,2008,1GYS3EEJ8BR296344
9567416508,Volkswagen,Golf III,1995,1YVHZ8BA4A5940538
8365916347,GMC,3500 Club Coupe,1994,WBA3N7C55EF500476
8189320033,Pontiac,Grand Prix,1995,1GTN1TEX9DZ395615
2890709450,Chevrolet,Classic,2005,3GYFNJE30DS511690
3809880337,Infiniti,QX56,2012,3C63DPNL1CG002294
5243637734,Ford,Thunderbird,1985,WA1DGAFE2DD763068
5208452065,Buick,Somerset,1985,2G4WD582071010605
6569568582,Dodge,Stratus,1998,1GD120EG9BF336195
9328594553,Infiniti,M,2006,1FTWW3A50AE371326
3252392941,Jeep,Grand Cherokee,2010,1FTEW1C85AF964293
7847456966,Chrysler,Voyager,2002,1G6KD57907U978390
1921369833,Pontiac,1000,1985,WA1YD54B34N632865
9169055173,Dodge,Caravan,2007,1C4NJPBA3DD986074
3832247149,Mercury,Topaz,1993,WAUEFAFL7BA835907
7523657818,Chevrolet,Suburban 2500,2004,1C3CDFBB9ED867954
4791838289,Chevrolet,Venture,2001,1D7RB1CT4BS101066
7706576639,Ford,Escort,1985,1G6KA5EY3AU198104
4791747461,Ford,ZX2,2001,3G5DA03E22S503778
1174934336,Toyota,Prius,2010,KMHGH4JF6BU844472
1805395688,Toyota,Xtra,1994,YV1902MD2F1774506
3021055893,Mazda,Navajo,1992,3D4PH6FV2AT401828
644294949,Chevrolet,Corvette,2011,SCFAD01A06G934144
6901578962,Jeep,Grand Cherokee,2003,3N1CN7AP2EK939852
1799691004,Maybach,57,2006,4T1BD1FK0EU353989
7518075830,Ford,Econoline E250,1999,WVGAV3AX3EW863636
1313987328,Nissan,Maxima,2008,JTDZN3EU4EJ569358
385521774,Chrysler,Sebring,2006,SCFEDCAD9BG100588
7127184496,Suzuki,Grand Vitara,2011,KNADM4A38D6609648
4084423653,Toyota,Land Cruiser,1999,WA1MMBFE5AD200199
3348322669,Bugatti,Veyron,2011,3C4PDCAB8ET036310
9496274137,Pontiac,Grand Prix,1987,3C3CFFDR7DT154015
988100835,Mercedes-Benz,CLS-Class,2011,JN8AF5MR6BT094531
2175088812,BMW,M3,2003,JH4DB85941S545835
9912147189,Ford,Laser,1987,KMHHT6KD2EU450046
3383571297,Lincoln,Navigator,2009,WAULT54B82N551180
5863202459,Scion,xB,2005,WBA3B1G57EN842050
863505449,Dodge,Grand Caravan,1992,1N4AL3AP6DC434135
9292499297,Buick,Coachbuilder,1990,1G6DX67DX60712438
3981937228,Honda,CR-V,2012,WAUEH98E96A451317
2588933475,Saturn,S-Series,1997,SCBDP3ZA9AC937622
4767976103,Honda,Accord,1999,2B3CJ4DG1BH203147
6203572039,Nissan,Maxima,2008,1G6YV36A275806931
7846518267,Saturn,Aura,2008,JN8AF5MV6FT585734
6762301541,Volkswagen,rio,2001,2G4WC582671279016
5080573694,Mazda,626,1994,5N1CR2MM0EC555608
6332203013,Oldsmobile,Regency,1998,WAUGFAFR9AA757755
273236377,Cadillac,SRX,2011,WP1AA2A25BL543452
7119661760,Toyota,Camry Hybrid,2011,1N4AB7APXDN832124
1211886417,BMW,6 Series,2006,5J6TF1H39FL326784
8384003572,Toyota,Tacoma,1998,JA32X2HU7BU169935
4967827934,Volvo,V70,2003,3TMJU4GN6DM153079
2524919757,Ford,E250,2010,5XYKT3A10CG589381
8953562260,Ford,Crown Victoria,1996,1FMEU7EE3AU447254
2311634461,Chevrolet,Corvette,1953,1VWAH7A33DC344065
5994334111,Lotus,Esprit,1991,5FRYD3H6XEB699629
909546622,Infiniti,QX,2002,SCBZK25E73C875549
2894047711,Infiniti,G,2007,WDCGG0EB4FG803019
5078522158,Suzuki,Vitara,2003,JTDKN3DUXB0726587
7050973173,Pontiac,Bonneville,1988,JTDBT4K35B4747801
8820592878,Cadillac,DTS,2008,1G6DA1E3XC0685980
9674451137,Nissan,Quest,2011,WBA5B1C57FG393912
1356854303,Subaru,Justy,1992,WAUKF68E95A458614
5192730384,BMW,7 Series,2011,WBA5M0C53ED811855
8743749607,Pontiac,LeMans,1966,JN1BY1AP5FM018078
8461303687,Nissan,Maxima,2004,1C4NJCBA9DD540343
8772519975,Mitsubishi,Eclipse,1990,KMHDB8AE3BU973935
8966518354,Toyota,Prius c,2012,SCBFT7ZAXFC712354
58707921,GMC,Sonoma,1993,2V4RW3D19AR189321
5116770702,GMC,2500,1992,1GD020CG6CF816372
1032171235,Ford,Aerostar,1991,1G6DP1ED9B0856126
1576236439,Saab,3-Sep,2003,WBA3C3G56EN149043
5193702198,Mercury,Tracer,1991,2C4RDGCG8ER972911
3736025459,Ford,Taurus,2002,1C3CCBBB6EN412811
